{
    "data":{
        "groups":[{
            "count":240,
            "start":0,
            "materialIndex":0
        }],
        "attributes":{
            "position":{
                "type":"Float32Array",
                "itemSize":3,
                "array":[0.197874,-1.74264,-0.301705,1.63524,-1.23793,0.74259,-0.351141,-1.23793,1.38802,2.64329,0.125468,1.47497,1.63524,-1.23793,0.74259,3.07262,-0.139876,-0.301706,0.197874,-1.74264,-0.301705,-0.351141,-1.23793,1.38802,-1.57882,-1.23792,-0.301705,0.197874,-1.74264,-0.301705,-1.57882,-1.23792,-0.301705,-0.351141,-1.23793,-1.99143,0.197874,-1.74264,-0.301705,-0.351141,-1.23793,-1.99143,1.63524,-1.23793,-1.346,2.64329,0.125468,1.47497,3.07262,-0.139876,-0.301706,3.41195,1.63683,0.742594,-0.736172,0.125467,2.57304,1.08623,-0.139882,2.43233,0.197874,1.63683,3.07777,-2.82482,0.125481,-0.301706,-2.12784,-0.139877,1.38802,-3.0162,1.63683,0.742594,-0.736172,0.125466,-3.17645,-2.12784,-0.139878,-1.99143,-1.78853,1.63683,-3.03576,2.64329,0.125468,-2.07838,1.08623,-0.139882,-3.03574,2.18428,1.63683,-3.03576,2.64329,0.125468,1.47497,3.41195,1.63683,0.742594,2.18428,1.63683,2.43235,-0.736172,0.125467,2.57304,0.197874,1.63683,3.07777,-1.78853,1.63683,2.43235,-2.82482,0.125481,-0.301706,-3.0162,1.63683,0.742594,-3.0162,1.63683,-1.34601,-0.736172,0.125466,-3.17645,-1.78853,1.63683,-3.03576,0.197874,1.63683,-3.68118,2.64329,0.125468,-2.07838,2.18428,1.63683,-3.03576,3.41195,1.63683,-1.34601,1.13192,3.1482,2.57304,2.52359,3.41355,1.38802,0.746888,4.5116,1.38802,-2.24754,3.1482,1.47497,-0.690485,3.41355,2.43233,-1.23949,4.5116,0.74259,-2.24754,3.1482,-2.07838,-2.67687,3.41354,-0.301706,-1.23949,4.5116,-1.346,1.13192,3.1482,-3.17645,-0.690485,3.41355,-3.03574,0.746888,4.5116,-1.99143,3.22056,3.14819,-0.301706,2.52359,3.41355,-1.99143,1.97456,4.51159,-0.301706,1.97456,4.51159,-0.301706,0.746888,4.5116,-1.99143,0.197874,5.01631,-0.301706,1.97456,4.51159,-0.301706,2.52359,3.41355,-1.99143,0.746888,4.5116,-1.99143,2.52359,3.41355,-1.99143,1.13192,3.1482,-3.17645,0.746888,4.5116,-1.99143,0.746888,4.5116,-1.99143,-1.23949,4.5116,-1.346,0.197874,5.01631,-0.301706,0.746888,4.5116,-1.99143,-0.690485,3.41355,-3.03574,-1.23949,4.5116,-1.346,-0.690485,3.41355,-3.03574,-2.24754,3.1482,-2.07838,-1.23949,4.5116,-1.346,-1.23949,4.5116,-1.346,-1.23949,4.5116,0.74259,0.197874,5.01631,-0.301706,-1.23949,4.5116,-1.346,-2.67687,3.41354,-0.301706,-1.23949,4.5116,0.74259,-2.67687,3.41354,-0.301706,-2.24754,3.1482,1.47497,-1.23949,4.5116,0.74259,-1.23949,4.5116,0.74259,0.746888,4.5116,1.38802,0.197874,5.01631,-0.301706,-1.23949,4.5116,0.74259,-0.690485,3.41355,2.43233,0.746888,4.5116,1.38802,-0.690485,3.41355,2.43233,1.13192,3.1482,2.57304,0.746888,4.5116,1.38802,0.746888,4.5116,1.38802,1.97456,4.51159,-0.301706,0.197874,5.01631,-0.301706,0.746888,4.5116,1.38802,2.52359,3.41355,1.38802,1.97456,4.51159,-0.301706,2.52359,3.41355,1.38802,3.22056,3.14819,-0.301706,1.97456,4.51159,-0.301706,3.41195,1.63683,-1.34601,2.52359,3.41355,-1.99143,3.22056,3.14819,-0.301706,3.41195,1.63683,-1.34601,2.18428,1.63683,-3.03576,2.52359,3.41355,-1.99143,2.18428,1.63683,-3.03576,1.13192,3.1482,-3.17645,2.52359,3.41355,-1.99143,0.197874,1.63683,-3.68118,-0.690485,3.41355,-3.03574,1.13192,3.1482,-3.17645,0.197874,1.63683,-3.68118,-1.78853,1.63683,-3.03576,-0.690485,3.41355,-3.03574,-1.78853,1.63683,-3.03576,-2.24754,3.1482,-2.07838,-0.690485,3.41355,-3.03574,-3.0162,1.63683,-1.34601,-2.67687,3.41354,-0.301706,-2.24754,3.1482,-2.07838,-3.0162,1.63683,-1.34601,-3.0162,1.63683,0.742594,-2.67687,3.41354,-0.301706,-3.0162,1.63683,0.742594,-2.24754,3.1482,1.47497,-2.67687,3.41354,-0.301706,-1.78853,1.63683,2.43235,-0.690485,3.41355,2.43233,-2.24754,3.1482,1.47497,-1.78853,1.63683,2.43235,0.197874,1.63683,3.07777,-0.690485,3.41355,2.43233,0.197874,1.63683,3.07777,1.13192,3.1482,2.57304,-0.690485,3.41355,2.43233,2.18428,1.63683,2.43235,2.52359,3.41355,1.38802,1.13192,3.1482,2.57304,2.18428,1.63683,2.43235,3.41195,1.63683,0.742594,2.52359,3.41355,1.38802,3.41195,1.63683,0.742594,3.22056,3.14819,-0.301706,2.52359,3.41355,1.38802,2.18428,1.63683,-3.03576,0.197874,1.63683,-3.68118,1.13192,3.1482,-3.17645,2.18428,1.63683,-3.03576,1.08623,-0.139882,-3.03574,0.197874,1.63683,-3.68118,1.08623,-0.139882,-3.03574,-0.736172,0.125466,-3.17645,0.197874,1.63683,-3.68118,-1.78853,1.63683,-3.03576,-3.0162,1.63683,-1.34601,-2.24754,3.1482,-2.07838,-1.78853,1.63683,-3.03576,-2.12784,-0.139878,-1.99143,-3.0162,1.63683,-1.34601,-2.12784,-0.139878,-1.99143,-2.82482,0.125481,-0.301706,-3.0162,1.63683,-1.34601,-3.0162,1.63683,0.742594,-1.78853,1.63683,2.43235,-2.24754,3.1482,1.47497,-3.0162,1.63683,0.742594,-2.12784,-0.139877,1.38802,-1.78853,1.63683,2.43235,-2.12784,-0.139877,1.38802,-0.736172,0.125467,2.57304,-1.78853,1.63683,2.43235,0.197874,1.63683,3.07777,2.18428,1.63683,2.43235,1.13192,3.1482,2.57304,0.197874,1.63683,3.07777,1.08623,-0.139882,2.43233,2.18428,1.63683,2.43235,1.08623,-0.139882,2.43233,2.64329,0.125468,1.47497,2.18428,1.63683,2.43235,3.41195,1.63683,0.742594,3.41195,1.63683,-1.34601,3.22056,3.14819,-0.301706,3.41195,1.63683,0.742594,3.07262,-0.139876,-0.301706,3.41195,1.63683,-1.34601,3.07262,-0.139876,-0.301706,2.64329,0.125468,-2.07838,3.41195,1.63683,-1.34601,1.63524,-1.23793,-1.346,1.08623,-0.139882,-3.03574,2.64329,0.125468,-2.07838,1.63524,-1.23793,-1.346,-0.351141,-1.23793,-1.99143,1.08623,-0.139882,-3.03574,-0.351141,-1.23793,-1.99143,-0.736172,0.125466,-3.17645,1.08623,-0.139882,-3.03574,-0.351141,-1.23793,-1.99143,-2.12784,-0.139878,-1.99143,-0.736172,0.125466,-3.17645,-0.351141,-1.23793,-1.99143,-1.57882,-1.23792,-0.301705,-2.12784,-0.139878,-1.99143,-1.57882,-1.23792,-0.301705,-2.82482,0.125481,-0.301706,-2.12784,-0.139878,-1.99143,-1.57882,-1.23792,-0.301705,-2.12784,-0.139877,1.38802,-2.82482,0.125481,-0.301706,-1.57882,-1.23792,-0.301705,-0.351141,-1.23793,1.38802,-2.12784,-0.139877,1.38802,-0.351141,-1.23793,1.38802,-0.736172,0.125467,2.57304,-2.12784,-0.139877,1.38802,3.07262,-0.139876,-0.301706,1.63524,-1.23793,-1.346,2.64329,0.125468,-2.07838,3.07262,-0.139876,-0.301706,1.63524,-1.23793,0.74259,1.63524,-1.23793,-1.346,1.63524,-1.23793,0.74259,0.197874,-1.74264,-0.301705,1.63524,-1.23793,-1.346,-0.351141,-1.23793,1.38802,1.08623,-0.139882,2.43233,-0.736172,0.125467,2.57304,-0.351141,-1.23793,1.38802,1.63524,-1.23793,0.74259,1.08623,-0.139882,2.43233,1.63524,-1.23793,0.74259,2.64329,0.125468,1.47497,1.08623,-0.139882,2.43233]
            },
            "normal":{
                "type":"Float32Array",
                "itemSize":3,